,Original names,New names
0,001.jpg,Im0001_ORIGA.jpg
1,002.jpg,Im0002_ORIGA.jpg
2,003.jpg,Im0003_ORIGA.jpg
3,004.jpg,Im0004_ORIGA.jpg
4,005.jpg,Im0005_ORIGA.jpg
5,006.jpg,Im0006_ORIGA.jpg
6,007.jpg,Im0007_ORIGA.jpg
7,008.jpg,Im0008_ORIGA.jpg
8,009.jpg,Im0009_ORIGA.jpg
9,010.jpg,Im0010_ORIGA.jpg
10,011.jpg,Im0011_ORIGA.jpg
11,012.jpg,Im0012_ORIGA.jpg
12,013.jpg,Im0013_ORIGA.jpg
13,014.jpg,Im0014_ORIGA.jpg
14,015.jpg,Im0015_ORIGA.jpg
15,016.jpg,Im0016_ORIGA.jpg
16,017.jpg,Im0017_ORIGA.jpg
17,018.jpg,Im0018_ORIGA.jpg
18,019.jpg,Im0019_ORIGA.jpg
19,020.jpg,Im0020_ORIGA.jpg
20,021.jpg,Im0021_ORIGA.jpg
21,022.jpg,Im0022_ORIGA.jpg
22,023.jpg,Im0023_ORIGA.jpg
23,024.jpg,Im0024_ORIGA.jpg
24,025.jpg,Im0025_ORIGA.jpg
25,026.jpg,Im0026_ORIGA.jpg
26,027.jpg,Im0027_ORIGA.jpg
27,028.jpg,Im0028_ORIGA.jpg
28,029.jpg,Im0029_ORIGA.jpg
29,030.jpg,Im0030_ORIGA.jpg
30,031.jpg,Im0031_ORIGA.jpg
31,032.jpg,Im0032_ORIGA.jpg
32,033.jpg,Im0033_ORIGA.jpg
33,034.jpg,Im0034_ORIGA.jpg
34,035.jpg,Im0035_ORIGA.jpg
35,038.jpg,Im0036_ORIGA.jpg
36,039.jpg,Im0037_ORIGA.jpg
37,040.jpg,Im0038_ORIGA.jpg
38,042.jpg,Im0039_ORIGA.jpg
39,043.jpg,Im0040_ORIGA.jpg
40,044.jpg,Im0041_ORIGA.jpg
41,045.jpg,Im0042_ORIGA.jpg
42,046.jpg,Im0043_ORIGA.jpg
43,047.jpg,Im0044_ORIGA.jpg
44,048.jpg,Im0045_ORIGA.jpg
45,049.jpg,Im0046_ORIGA.jpg
46,051.jpg,Im0047_ORIGA.jpg
47,052.jpg,Im0048_ORIGA.jpg
48,053.jpg,Im0049_ORIGA.jpg
49,054.jpg,Im0050_ORIGA.jpg
50,055.jpg,Im0051_ORIGA.jpg
51,056.jpg,Im0052_ORIGA.jpg
52,057.jpg,Im0053_ORIGA.jpg
53,058.jpg,Im0054_ORIGA.jpg
54,059.jpg,Im0055_ORIGA.jpg
55,060.jpg,Im0056_ORIGA.jpg
56,061.jpg,Im0057_ORIGA.jpg
57,062.jpg,Im0058_ORIGA.jpg
58,063.jpg,Im0059_ORIGA.jpg
59,064.jpg,Im0060_ORIGA.jpg
60,065.jpg,Im0061_ORIGA.jpg
61,066.jpg,Im0062_ORIGA.jpg
62,067.jpg,Im0063_ORIGA.jpg
63,068.jpg,Im0064_ORIGA.jpg
64,070.jpg,Im0065_ORIGA.jpg
65,071.jpg,Im0066_ORIGA.jpg
66,073.jpg,Im0067_ORIGA.jpg
67,074.jpg,Im0068_ORIGA.jpg
68,075.jpg,Im0069_ORIGA.jpg
69,077.jpg,Im0070_ORIGA.jpg
70,078.jpg,Im0071_ORIGA.jpg
71,079.jpg,Im0072_ORIGA.jpg
72,080.jpg,Im0073_ORIGA.jpg
73,081.jpg,Im0074_ORIGA.jpg
74,082.jpg,Im0075_ORIGA.jpg
75,083.jpg,Im0076_ORIGA.jpg
76,084.jpg,Im0077_ORIGA.jpg
77,085.jpg,Im0078_ORIGA.jpg
78,088.jpg,Im0079_ORIGA.jpg
79,089.jpg,Im0080_ORIGA.jpg
80,090.jpg,Im0081_ORIGA.jpg
81,091.jpg,Im0082_ORIGA.jpg
82,092.jpg,Im0083_ORIGA.jpg
83,095.jpg,Im0084_ORIGA.jpg
84,096.jpg,Im0085_ORIGA.jpg
85,098.jpg,Im0086_ORIGA.jpg
86,099.jpg,Im0087_ORIGA.jpg
87,100.jpg,Im0088_ORIGA.jpg
88,101.jpg,Im0089_ORIGA.jpg
89,102.jpg,Im0090_ORIGA.jpg
90,103.jpg,Im0091_ORIGA.jpg
91,104.jpg,Im0092_ORIGA.jpg
92,105.jpg,Im0093_ORIGA.jpg
93,106.jpg,Im0094_ORIGA.jpg
94,107.jpg,Im0095_ORIGA.jpg
95,108.jpg,Im0096_ORIGA.jpg
96,109.jpg,Im0097_ORIGA.jpg
97,111.jpg,Im0098_ORIGA.jpg
98,112.jpg,Im0099_ORIGA.jpg
99,113.jpg,Im0100_ORIGA.jpg
100,114.jpg,Im0101_ORIGA.jpg
101,115.jpg,Im0102_ORIGA.jpg
102,117.jpg,Im0103_ORIGA.jpg
103,118.jpg,Im0104_ORIGA.jpg
104,119.jpg,Im0105_ORIGA.jpg
105,120.jpg,Im0106_ORIGA.jpg
106,121.jpg,Im0107_ORIGA.jpg
107,122.jpg,Im0108_ORIGA.jpg
108,123.jpg,Im0109_ORIGA.jpg
109,124.jpg,Im0110_ORIGA.jpg
110,125.jpg,Im0111_ORIGA.jpg
111,126.jpg,Im0112_ORIGA.jpg
112,127.jpg,Im0113_ORIGA.jpg
113,128.jpg,Im0114_ORIGA.jpg
114,129.jpg,Im0115_ORIGA.jpg
115,130.jpg,Im0116_ORIGA.jpg
116,131.jpg,Im0117_ORIGA.jpg
117,132.jpg,Im0118_ORIGA.jpg
118,133.jpg,Im0119_ORIGA.jpg
119,134.jpg,Im0120_ORIGA.jpg
120,135.jpg,Im0121_ORIGA.jpg
121,136.jpg,Im0122_ORIGA.jpg
122,137.jpg,Im0123_ORIGA.jpg
123,139.jpg,Im0124_ORIGA.jpg
124,140.jpg,Im0125_ORIGA.jpg
125,141.jpg,Im0126_ORIGA.jpg
126,142.jpg,Im0127_ORIGA.jpg
127,143.jpg,Im0128_ORIGA.jpg
128,144.jpg,Im0129_ORIGA.jpg
129,145.jpg,Im0130_ORIGA.jpg
130,146.jpg,Im0131_ORIGA.jpg
131,147.jpg,Im0132_ORIGA.jpg
132,148.jpg,Im0133_ORIGA.jpg
133,149.jpg,Im0134_ORIGA.jpg
134,150.jpg,Im0135_ORIGA.jpg
135,151.jpg,Im0136_ORIGA.jpg
136,152.jpg,Im0137_ORIGA.jpg
137,153.jpg,Im0138_ORIGA.jpg
138,154.jpg,Im0139_ORIGA.jpg
139,155.jpg,Im0140_ORIGA.jpg
140,156.jpg,Im0141_ORIGA.jpg
141,157.jpg,Im0142_ORIGA.jpg
142,161.jpg,Im0143_ORIGA.jpg
143,162.jpg,Im0144_ORIGA.jpg
144,163.jpg,Im0145_ORIGA.jpg
145,164.jpg,Im0146_ORIGA.jpg
146,166.jpg,Im0147_ORIGA.jpg
147,167.jpg,Im0148_ORIGA.jpg
148,169.jpg,Im0149_ORIGA.jpg
149,170.jpg,Im0150_ORIGA.jpg
150,172.jpg,Im0151_ORIGA.jpg
151,173.jpg,Im0152_ORIGA.jpg
152,174.jpg,Im0153_ORIGA.jpg
153,175.jpg,Im0154_ORIGA.jpg
154,176.jpg,Im0155_ORIGA.jpg
155,177.jpg,Im0156_ORIGA.jpg
156,178.jpg,Im0157_ORIGA.jpg
157,179.jpg,Im0158_ORIGA.jpg
158,183.jpg,Im0159_ORIGA.jpg
159,184.jpg,Im0160_ORIGA.jpg
160,185.jpg,Im0161_ORIGA.jpg
161,186.jpg,Im0162_ORIGA.jpg
162,187.jpg,Im0163_ORIGA.jpg
163,188.jpg,Im0164_ORIGA.jpg
164,189.jpg,Im0165_ORIGA.jpg
165,190.jpg,Im0166_ORIGA.jpg
166,191.jpg,Im0167_ORIGA.jpg
167,192.jpg,Im0168_ORIGA.jpg
168,193.jpg,Im0169_ORIGA.jpg
169,194.jpg,Im0170_ORIGA.jpg
170,195.jpg,Im0171_ORIGA.jpg
171,196.jpg,Im0172_ORIGA.jpg
172,197.jpg,Im0173_ORIGA.jpg
173,198.jpg,Im0174_ORIGA.jpg
174,199.jpg,Im0175_ORIGA.jpg
175,200.jpg,Im0176_ORIGA.jpg
176,201.jpg,Im0177_ORIGA.jpg
177,202.jpg,Im0178_ORIGA.jpg
178,203.jpg,Im0179_ORIGA.jpg
179,204.jpg,Im0180_ORIGA.jpg
180,205.jpg,Im0181_ORIGA.jpg
181,206.jpg,Im0182_ORIGA.jpg
182,207.jpg,Im0183_ORIGA.jpg
183,209.jpg,Im0184_ORIGA.jpg
184,210.jpg,Im0185_ORIGA.jpg
185,211.jpg,Im0186_ORIGA.jpg
186,212.jpg,Im0187_ORIGA.jpg
187,214.jpg,Im0188_ORIGA.jpg
188,215.jpg,Im0189_ORIGA.jpg
189,216.jpg,Im0190_ORIGA.jpg
190,217.jpg,Im0191_ORIGA.jpg
191,218.jpg,Im0192_ORIGA.jpg
192,219.jpg,Im0193_ORIGA.jpg
193,220.jpg,Im0194_ORIGA.jpg
194,221.jpg,Im0195_ORIGA.jpg
195,222.jpg,Im0196_ORIGA.jpg
196,223.jpg,Im0197_ORIGA.jpg
197,224.jpg,Im0198_ORIGA.jpg
198,226.jpg,Im0199_ORIGA.jpg
199,227.jpg,Im0200_ORIGA.jpg
200,230.jpg,Im0201_ORIGA.jpg
201,231.jpg,Im0202_ORIGA.jpg
202,232.jpg,Im0203_ORIGA.jpg
203,234.jpg,Im0204_ORIGA.jpg
204,235.jpg,Im0205_ORIGA.jpg
205,236.jpg,Im0206_ORIGA.jpg
206,237.jpg,Im0207_ORIGA.jpg
207,238.jpg,Im0208_ORIGA.jpg
208,239.jpg,Im0209_ORIGA.jpg
209,242.jpg,Im0210_ORIGA.jpg
210,243.jpg,Im0211_ORIGA.jpg
211,244.jpg,Im0212_ORIGA.jpg
212,248.jpg,Im0213_ORIGA.jpg
213,249.jpg,Im0214_ORIGA.jpg
214,250.jpg,Im0215_ORIGA.jpg
215,251.jpg,Im0216_ORIGA.jpg
216,252.jpg,Im0217_ORIGA.jpg
217,253.jpg,Im0218_ORIGA.jpg
218,254.jpg,Im0219_ORIGA.jpg
219,255.jpg,Im0220_ORIGA.jpg
220,256.jpg,Im0221_ORIGA.jpg
221,257.jpg,Im0222_ORIGA.jpg
222,258.jpg,Im0223_ORIGA.jpg
223,259.jpg,Im0224_ORIGA.jpg
224,260.jpg,Im0225_ORIGA.jpg
225,261.jpg,Im0226_ORIGA.jpg
226,262.jpg,Im0227_ORIGA.jpg
227,263.jpg,Im0228_ORIGA.jpg
228,264.jpg,Im0229_ORIGA.jpg
229,265.jpg,Im0230_ORIGA.jpg
230,266.jpg,Im0231_ORIGA.jpg
231,267.jpg,Im0232_ORIGA.jpg
232,268.jpg,Im0233_ORIGA.jpg
233,271.jpg,Im0234_ORIGA.jpg
234,272.jpg,Im0235_ORIGA.jpg
235,274.jpg,Im0236_ORIGA.jpg
236,275.jpg,Im0237_ORIGA.jpg
237,276.jpg,Im0238_ORIGA.jpg
238,279.jpg,Im0239_ORIGA.jpg
239,280.jpg,Im0240_ORIGA.jpg
240,281.jpg,Im0241_ORIGA.jpg
241,282.jpg,Im0242_ORIGA.jpg
242,287.jpg,Im0243_ORIGA.jpg
243,288.jpg,Im0244_ORIGA.jpg
244,290.jpg,Im0245_ORIGA.jpg
245,291.jpg,Im0246_ORIGA.jpg
246,292.jpg,Im0247_ORIGA.jpg
247,295.jpg,Im0248_ORIGA.jpg
248,296.jpg,Im0249_ORIGA.jpg
249,297.jpg,Im0250_ORIGA.jpg
250,298.jpg,Im0251_ORIGA.jpg
251,299.jpg,Im0252_ORIGA.jpg
252,302.jpg,Im0253_ORIGA.jpg
253,303.jpg,Im0254_ORIGA.jpg
254,307.jpg,Im0255_ORIGA.jpg
255,308.jpg,Im0256_ORIGA.jpg
256,309.jpg,Im0257_ORIGA.jpg
257,310.jpg,Im0258_ORIGA.jpg
258,311.jpg,Im0259_ORIGA.jpg
259,313.jpg,Im0260_ORIGA.jpg
260,314.jpg,Im0261_ORIGA.jpg
261,315.jpg,Im0262_ORIGA.jpg
262,316.jpg,Im0263_ORIGA.jpg
263,318.jpg,Im0264_ORIGA.jpg
264,319.jpg,Im0265_ORIGA.jpg
265,320.jpg,Im0266_ORIGA.jpg
266,321.jpg,Im0267_ORIGA.jpg
267,323.jpg,Im0268_ORIGA.jpg
268,324.jpg,Im0269_ORIGA.jpg
269,325.jpg,Im0270_ORIGA.jpg
270,326.jpg,Im0271_ORIGA.jpg
271,328.jpg,Im0272_ORIGA.jpg
272,329.jpg,Im0273_ORIGA.jpg
273,331.jpg,Im0274_ORIGA.jpg
274,332.jpg,Im0275_ORIGA.jpg
275,333.jpg,Im0276_ORIGA.jpg
276,334.jpg,Im0277_ORIGA.jpg
277,335.jpg,Im0278_ORIGA.jpg
278,338.jpg,Im0279_ORIGA.jpg
279,339.jpg,Im0280_ORIGA.jpg
280,341.jpg,Im0281_ORIGA.jpg
281,342.jpg,Im0282_ORIGA.jpg
282,343.jpg,Im0283_ORIGA.jpg
283,344.jpg,Im0284_ORIGA.jpg
284,346.jpg,Im0285_ORIGA.jpg
285,347.jpg,Im0286_ORIGA.jpg
286,350.jpg,Im0287_ORIGA.jpg
287,351.jpg,Im0288_ORIGA.jpg
288,352.jpg,Im0289_ORIGA.jpg
289,355.jpg,Im0290_ORIGA.jpg
290,356.jpg,Im0291_ORIGA.jpg
291,357.jpg,Im0292_ORIGA.jpg
292,358.jpg,Im0293_ORIGA.jpg
293,360.jpg,Im0294_ORIGA.jpg
294,361.jpg,Im0295_ORIGA.jpg
295,363.jpg,Im0296_ORIGA.jpg
296,364.jpg,Im0297_ORIGA.jpg
297,365.jpg,Im0298_ORIGA.jpg
298,367.jpg,Im0299_ORIGA.jpg
299,368.jpg,Im0300_ORIGA.jpg
300,369.jpg,Im0301_ORIGA.jpg
301,370.jpg,Im0302_ORIGA.jpg
302,371.jpg,Im0303_ORIGA.jpg
303,372.jpg,Im0304_ORIGA.jpg
304,373.jpg,Im0305_ORIGA.jpg
305,374.jpg,Im0306_ORIGA.jpg
306,375.jpg,Im0307_ORIGA.jpg
307,376.jpg,Im0308_ORIGA.jpg
308,378.jpg,Im0309_ORIGA.jpg
309,379.jpg,Im0310_ORIGA.jpg
310,380.jpg,Im0311_ORIGA.jpg
311,384.jpg,Im0312_ORIGA.jpg
312,387.jpg,Im0313_ORIGA.jpg
313,388.jpg,Im0314_ORIGA.jpg
314,391.jpg,Im0315_ORIGA.jpg
315,392.jpg,Im0316_ORIGA.jpg
316,393.jpg,Im0317_ORIGA.jpg
317,394.jpg,Im0318_ORIGA.jpg
318,396.jpg,Im0319_ORIGA.jpg
319,397.jpg,Im0320_ORIGA.jpg
320,399.jpg,Im0321_ORIGA.jpg
321,400.jpg,Im0322_ORIGA.jpg
322,401.jpg,Im0323_ORIGA.jpg
323,403.jpg,Im0324_ORIGA.jpg
324,404.jpg,Im0325_ORIGA.jpg
325,405.jpg,Im0326_ORIGA.jpg
326,406.jpg,Im0327_ORIGA.jpg
327,408.jpg,Im0328_ORIGA.jpg
328,409.jpg,Im0329_ORIGA.jpg
329,410.jpg,Im0330_ORIGA.jpg
330,411.jpg,Im0331_ORIGA.jpg
331,412.jpg,Im0332_ORIGA.jpg
332,413.jpg,Im0333_ORIGA.jpg
333,414.jpg,Im0334_ORIGA.jpg
334,415.jpg,Im0335_ORIGA.jpg
335,416.jpg,Im0336_ORIGA.jpg
336,417.jpg,Im0337_ORIGA.jpg
337,418.jpg,Im0338_ORIGA.jpg
338,420.jpg,Im0339_ORIGA.jpg
339,421.jpg,Im0340_ORIGA.jpg
340,422.jpg,Im0341_ORIGA.jpg
341,423.jpg,Im0342_ORIGA.jpg
342,425.jpg,Im0343_ORIGA.jpg
343,427.jpg,Im0344_ORIGA.jpg
344,428.jpg,Im0345_ORIGA.jpg
345,430.jpg,Im0346_ORIGA.jpg
346,431.jpg,Im0347_ORIGA.jpg
347,434.jpg,Im0348_ORIGA.jpg
348,435.jpg,Im0349_ORIGA.jpg
349,436.jpg,Im0350_ORIGA.jpg
350,437.jpg,Im0351_ORIGA.jpg
351,438.jpg,Im0352_ORIGA.jpg
352,443.jpg,Im0353_ORIGA.jpg
353,444.jpg,Im0354_ORIGA.jpg
354,445.jpg,Im0355_ORIGA.jpg
355,446.jpg,Im0356_ORIGA.jpg
356,447.jpg,Im0357_ORIGA.jpg
357,448.jpg,Im0358_ORIGA.jpg
358,449.jpg,Im0359_ORIGA.jpg
359,450.jpg,Im0360_ORIGA.jpg
360,451.jpg,Im0361_ORIGA.jpg
361,452.jpg,Im0362_ORIGA.jpg
362,453.jpg,Im0363_ORIGA.jpg
363,454.jpg,Im0364_ORIGA.jpg
364,455.jpg,Im0365_ORIGA.jpg
365,456.jpg,Im0366_ORIGA.jpg
366,459.jpg,Im0367_ORIGA.jpg
367,460.jpg,Im0368_ORIGA.jpg
368,461.jpg,Im0369_ORIGA.jpg
369,462.jpg,Im0370_ORIGA.jpg
370,463.jpg,Im0371_ORIGA.jpg
371,464.jpg,Im0372_ORIGA.jpg
372,466.jpg,Im0373_ORIGA.jpg
373,467.jpg,Im0374_ORIGA.jpg
374,469.jpg,Im0375_ORIGA.jpg
375,470.jpg,Im0376_ORIGA.jpg
376,471.jpg,Im0377_ORIGA.jpg
377,472.jpg,Im0378_ORIGA.jpg
378,473.jpg,Im0379_ORIGA.jpg
379,475.jpg,Im0380_ORIGA.jpg
380,476.jpg,Im0381_ORIGA.jpg
381,477.jpg,Im0382_ORIGA.jpg
382,478.jpg,Im0383_ORIGA.jpg
383,479.jpg,Im0384_ORIGA.jpg
384,481.jpg,Im0385_ORIGA.jpg
385,482.jpg,Im0386_ORIGA.jpg
386,483.jpg,Im0387_ORIGA.jpg
387,484.jpg,Im0388_ORIGA.jpg
388,485.jpg,Im0389_ORIGA.jpg
389,487.jpg,Im0390_ORIGA.jpg
390,488.jpg,Im0391_ORIGA.jpg
391,489.jpg,Im0392_ORIGA.jpg
392,491.jpg,Im0393_ORIGA.jpg
393,492.jpg,Im0394_ORIGA.jpg
394,493.jpg,Im0395_ORIGA.jpg
395,494.jpg,Im0396_ORIGA.jpg
396,495.jpg,Im0397_ORIGA.jpg
397,497.jpg,Im0398_ORIGA.jpg
398,498.jpg,Im0399_ORIGA.jpg
399,499.jpg,Im0400_ORIGA.jpg
400,500.jpg,Im0401_ORIGA.jpg
401,501.jpg,Im0402_ORIGA.jpg
402,502.jpg,Im0403_ORIGA.jpg
403,503.jpg,Im0404_ORIGA.jpg
404,504.jpg,Im0405_ORIGA.jpg
405,509.jpg,Im0406_ORIGA.jpg
406,510.jpg,Im0407_ORIGA.jpg
407,513.jpg,Im0408_ORIGA.jpg
408,517.jpg,Im0409_ORIGA.jpg
409,518.jpg,Im0410_ORIGA.jpg
410,520.jpg,Im0411_ORIGA.jpg
411,521.jpg,Im0412_ORIGA.jpg
412,522.jpg,Im0413_ORIGA.jpg
413,525.jpg,Im0414_ORIGA.jpg
414,526.jpg,Im0415_ORIGA.jpg
415,527.jpg,Im0416_ORIGA.jpg
416,529.jpg,Im0417_ORIGA.jpg
417,530.jpg,Im0418_ORIGA.jpg
418,531.jpg,Im0419_ORIGA.jpg
419,534.jpg,Im0420_ORIGA.jpg
420,535.jpg,Im0421_ORIGA.jpg
421,536.jpg,Im0422_ORIGA.jpg
422,537.jpg,Im0423_ORIGA.jpg
423,538.jpg,Im0424_ORIGA.jpg
424,539.jpg,Im0425_ORIGA.jpg
425,540.jpg,Im0426_ORIGA.jpg
426,541.jpg,Im0427_ORIGA.jpg
427,542.jpg,Im0428_ORIGA.jpg
428,543.jpg,Im0429_ORIGA.jpg
429,544.jpg,Im0430_ORIGA.jpg
430,546.jpg,Im0431_ORIGA.jpg
431,547.jpg,Im0432_ORIGA.jpg
432,548.jpg,Im0433_ORIGA.jpg
433,551.jpg,Im0434_ORIGA.jpg
434,552.jpg,Im0435_ORIGA.jpg
435,553.jpg,Im0436_ORIGA.jpg
436,554.jpg,Im0437_ORIGA.jpg
437,555.jpg,Im0438_ORIGA.jpg
438,559.jpg,Im0439_ORIGA.jpg
439,561.jpg,Im0440_ORIGA.jpg
440,562.jpg,Im0441_ORIGA.jpg
441,563.jpg,Im0442_ORIGA.jpg
442,564.jpg,Im0443_ORIGA.jpg
443,565.jpg,Im0444_ORIGA.jpg
444,566.jpg,Im0445_ORIGA.jpg
445,567.jpg,Im0446_ORIGA.jpg
446,568.jpg,Im0447_ORIGA.jpg
447,569.jpg,Im0448_ORIGA.jpg
448,570.jpg,Im0449_ORIGA.jpg
449,573.jpg,Im0450_ORIGA.jpg
450,574.jpg,Im0451_ORIGA.jpg
451,575.jpg,Im0452_ORIGA.jpg
452,576.jpg,Im0453_ORIGA.jpg
453,577.jpg,Im0454_ORIGA.jpg
454,579.jpg,Im0455_ORIGA.jpg
455,581.jpg,Im0456_ORIGA.jpg
456,583.jpg,Im0457_ORIGA.jpg
457,585.jpg,Im0458_ORIGA.jpg
458,587.jpg,Im0459_ORIGA.jpg
459,590.jpg,Im0460_ORIGA.jpg
460,594.jpg,Im0461_ORIGA.jpg
461,596.jpg,Im0462_ORIGA.jpg
462,597.jpg,Im0463_ORIGA.jpg
463,599.jpg,Im0464_ORIGA.jpg
464,602.jpg,Im0465_ORIGA.jpg
465,603.jpg,Im0466_ORIGA.jpg
466,606.jpg,Im0467_ORIGA.jpg
467,607.jpg,Im0468_ORIGA.jpg
468,610.jpg,Im0469_ORIGA.jpg
469,611.jpg,Im0470_ORIGA.jpg
470,614.jpg,Im0471_ORIGA.jpg
471,616.jpg,Im0472_ORIGA.jpg
472,620.jpg,Im0473_ORIGA.jpg
473,625.jpg,Im0474_ORIGA.jpg
474,629.jpg,Im0475_ORIGA.jpg
475,633.jpg,Im0476_ORIGA.jpg
476,635.jpg,Im0477_ORIGA.jpg
477,637.jpg,Im0478_ORIGA.jpg
478,639.jpg,Im0479_ORIGA.jpg
479,642.jpg,Im0480_ORIGA.jpg
480,643.jpg,Im0481_ORIGA.jpg
481,649.jpg,Im0482_ORIGA.jpg
482,036.jpg,Im0483_g_ORIGA.jpg
483,037.jpg,Im0484_g_ORIGA.jpg
484,041.jpg,Im0485_g_ORIGA.jpg
485,050.jpg,Im0486_g_ORIGA.jpg
486,069.jpg,Im0487_g_ORIGA.jpg
487,072.jpg,Im0488_g_ORIGA.jpg
488,076.jpg,Im0489_g_ORIGA.jpg
489,086.jpg,Im0490_g_ORIGA.jpg
490,087.jpg,Im0491_g_ORIGA.jpg
491,093.jpg,Im0492_g_ORIGA.jpg
492,094.jpg,Im0493_g_ORIGA.jpg
493,097.jpg,Im0494_g_ORIGA.jpg
494,110.jpg,Im0495_g_ORIGA.jpg
495,116.jpg,Im0496_g_ORIGA.jpg
496,138.jpg,Im0497_g_ORIGA.jpg
497,158.jpg,Im0498_g_ORIGA.jpg
498,159.jpg,Im0499_g_ORIGA.jpg
499,160.jpg,Im0500_g_ORIGA.jpg
500,165.jpg,Im0501_g_ORIGA.jpg
501,168.jpg,Im0502_g_ORIGA.jpg
502,171.jpg,Im0503_g_ORIGA.jpg
503,180.jpg,Im0504_g_ORIGA.jpg
504,181.jpg,Im0505_g_ORIGA.jpg
505,182.jpg,Im0506_g_ORIGA.jpg
506,208.jpg,Im0507_g_ORIGA.jpg
507,213.jpg,Im0508_g_ORIGA.jpg
508,225.jpg,Im0509_g_ORIGA.jpg
509,228.jpg,Im0510_g_ORIGA.jpg
510,229.jpg,Im0511_g_ORIGA.jpg
511,233.jpg,Im0512_g_ORIGA.jpg
512,240.jpg,Im0513_g_ORIGA.jpg
513,241.jpg,Im0514_g_ORIGA.jpg
514,245.jpg,Im0515_g_ORIGA.jpg
515,246.jpg,Im0516_g_ORIGA.jpg
516,247.jpg,Im0517_g_ORIGA.jpg
517,269.jpg,Im0518_g_ORIGA.jpg
518,270.jpg,Im0519_g_ORIGA.jpg
519,273.jpg,Im0520_g_ORIGA.jpg
520,277.jpg,Im0521_g_ORIGA.jpg
521,278.jpg,Im0522_g_ORIGA.jpg
522,283.jpg,Im0523_g_ORIGA.jpg
523,284.jpg,Im0524_g_ORIGA.jpg
524,285.jpg,Im0525_g_ORIGA.jpg
525,286.jpg,Im0526_g_ORIGA.jpg
526,289.jpg,Im0527_g_ORIGA.jpg
527,293.jpg,Im0528_g_ORIGA.jpg
528,294.jpg,Im0529_g_ORIGA.jpg
529,300.jpg,Im0530_g_ORIGA.jpg
530,301.jpg,Im0531_g_ORIGA.jpg
531,304.jpg,Im0532_g_ORIGA.jpg
532,305.jpg,Im0533_g_ORIGA.jpg
533,306.jpg,Im0534_g_ORIGA.jpg
534,312.jpg,Im0535_g_ORIGA.jpg
535,317.jpg,Im0536_g_ORIGA.jpg
536,322.jpg,Im0537_g_ORIGA.jpg
537,327.jpg,Im0538_g_ORIGA.jpg
538,330.jpg,Im0539_g_ORIGA.jpg
539,336.jpg,Im0540_g_ORIGA.jpg
540,337.jpg,Im0541_g_ORIGA.jpg
541,340.jpg,Im0542_g_ORIGA.jpg
542,345.jpg,Im0543_g_ORIGA.jpg
543,348.jpg,Im0544_g_ORIGA.jpg
544,349.jpg,Im0545_g_ORIGA.jpg
545,353.jpg,Im0546_g_ORIGA.jpg
546,354.jpg,Im0547_g_ORIGA.jpg
547,359.jpg,Im0548_g_ORIGA.jpg
548,362.jpg,Im0549_g_ORIGA.jpg
549,366.jpg,Im0550_g_ORIGA.jpg
550,377.jpg,Im0551_g_ORIGA.jpg
551,381.jpg,Im0552_g_ORIGA.jpg
552,382.jpg,Im0553_g_ORIGA.jpg
553,383.jpg,Im0554_g_ORIGA.jpg
554,385.jpg,Im0555_g_ORIGA.jpg
555,386.jpg,Im0556_g_ORIGA.jpg
556,389.jpg,Im0557_g_ORIGA.jpg
557,390.jpg,Im0558_g_ORIGA.jpg
558,395.jpg,Im0559_g_ORIGA.jpg
559,398.jpg,Im0560_g_ORIGA.jpg
560,402.jpg,Im0561_g_ORIGA.jpg
561,407.jpg,Im0562_g_ORIGA.jpg
562,419.jpg,Im0563_g_ORIGA.jpg
563,424.jpg,Im0564_g_ORIGA.jpg
564,426.jpg,Im0565_g_ORIGA.jpg
565,429.jpg,Im0566_g_ORIGA.jpg
566,432.jpg,Im0567_g_ORIGA.jpg
567,433.jpg,Im0568_g_ORIGA.jpg
568,439.jpg,Im0569_g_ORIGA.jpg
569,440.jpg,Im0570_g_ORIGA.jpg
570,441.jpg,Im0571_g_ORIGA.jpg
571,442.jpg,Im0572_g_ORIGA.jpg
572,457.jpg,Im0573_g_ORIGA.jpg
573,458.jpg,Im0574_g_ORIGA.jpg
574,465.jpg,Im0575_g_ORIGA.jpg
575,468.jpg,Im0576_g_ORIGA.jpg
576,474.jpg,Im0577_g_ORIGA.jpg
577,480.jpg,Im0578_g_ORIGA.jpg
578,486.jpg,Im0579_g_ORIGA.jpg
579,490.jpg,Im0580_g_ORIGA.jpg
580,496.jpg,Im0581_g_ORIGA.jpg
581,505.jpg,Im0582_g_ORIGA.jpg
582,506.jpg,Im0583_g_ORIGA.jpg
583,507.jpg,Im0584_g_ORIGA.jpg
584,508.jpg,Im0585_g_ORIGA.jpg
585,511.jpg,Im0586_g_ORIGA.jpg
586,512.jpg,Im0587_g_ORIGA.jpg
587,514.jpg,Im0588_g_ORIGA.jpg
588,515.jpg,Im0589_g_ORIGA.jpg
589,516.jpg,Im0590_g_ORIGA.jpg
590,519.jpg,Im0591_g_ORIGA.jpg
591,523.jpg,Im0592_g_ORIGA.jpg
592,524.jpg,Im0593_g_ORIGA.jpg
593,528.jpg,Im0594_g_ORIGA.jpg
594,532.jpg,Im0595_g_ORIGA.jpg
595,533.jpg,Im0596_g_ORIGA.jpg
596,545.jpg,Im0597_g_ORIGA.jpg
597,549.jpg,Im0598_g_ORIGA.jpg
598,550.jpg,Im0599_g_ORIGA.jpg
599,556.jpg,Im0600_g_ORIGA.jpg
600,557.jpg,Im0601_g_ORIGA.jpg
601,558.jpg,Im0602_g_ORIGA.jpg
602,560.jpg,Im0603_g_ORIGA.jpg
603,571.jpg,Im0604_g_ORIGA.jpg
604,572.jpg,Im0605_g_ORIGA.jpg
605,578.jpg,Im0606_g_ORIGA.jpg
606,580.jpg,Im0607_g_ORIGA.jpg
607,582.jpg,Im0608_g_ORIGA.jpg
608,584.jpg,Im0609_g_ORIGA.jpg
609,586.jpg,Im0610_g_ORIGA.jpg
610,588.jpg,Im0611_g_ORIGA.jpg
611,589.jpg,Im0612_g_ORIGA.jpg
612,591.jpg,Im0613_g_ORIGA.jpg
613,592.jpg,Im0614_g_ORIGA.jpg
614,593.jpg,Im0615_g_ORIGA.jpg
615,595.jpg,Im0616_g_ORIGA.jpg
616,598.jpg,Im0617_g_ORIGA.jpg
617,600.jpg,Im0618_g_ORIGA.jpg
618,601.jpg,Im0619_g_ORIGA.jpg
619,604.jpg,Im0620_g_ORIGA.jpg
620,605.jpg,Im0621_g_ORIGA.jpg
621,608.jpg,Im0622_g_ORIGA.jpg
622,609.jpg,Im0623_g_ORIGA.jpg
623,612.jpg,Im0624_g_ORIGA.jpg
624,613.jpg,Im0625_g_ORIGA.jpg
625,615.jpg,Im0626_g_ORIGA.jpg
626,617.jpg,Im0627_g_ORIGA.jpg
627,618.jpg,Im0628_g_ORIGA.jpg
628,619.jpg,Im0629_g_ORIGA.jpg
629,621.jpg,Im0630_g_ORIGA.jpg
630,622.jpg,Im0631_g_ORIGA.jpg
631,623.jpg,Im0632_g_ORIGA.jpg
632,624.jpg,Im0633_g_ORIGA.jpg
633,626.jpg,Im0634_g_ORIGA.jpg
634,627.jpg,Im0635_g_ORIGA.jpg
635,628.jpg,Im0636_g_ORIGA.jpg
636,630.jpg,Im0637_g_ORIGA.jpg
637,631.jpg,Im0638_g_ORIGA.jpg
638,632.jpg,Im0639_g_ORIGA.jpg
639,634.jpg,Im0640_g_ORIGA.jpg
640,636.jpg,Im0641_g_ORIGA.jpg
641,638.jpg,Im0642_g_ORIGA.jpg
642,640.jpg,Im0643_g_ORIGA.jpg
643,641.jpg,Im0644_g_ORIGA.jpg
644,644.jpg,Im0645_g_ORIGA.jpg
645,645.jpg,Im0646_g_ORIGA.jpg
646,646.jpg,Im0647_g_ORIGA.jpg
647,647.jpg,Im0648_g_ORIGA.jpg
648,648.jpg,Im0649_g_ORIGA.jpg
649,650.jpg,Im0650_g_ORIGA.jpg
